City_ID,City,Country,Date,Lat,Lng,Max Temp,Humidity,Cloudiness,Wind Speed
0,Busselton,AU,2021-07-24 20:13:23,-33.65,115.3333,57.09,73,97,15.86
1,Lavrentiya,RU,2021-07-24 20:13:23,65.5833,-171.0,45.52,98,100,10.94
2,Bengkulu,ID,2021-07-24 20:13:24,-3.8004,102.2655,75.06,88,9,4.21
3,Mar Del Plata,AR,2021-07-24 20:13:24,-38.0023,-57.5575,52.0,56,75,14.0
4,Yulara,AU,2021-07-24 20:13:24,-25.2406,130.9889,40.84,65,52,5.75
5,Torbay,CA,2021-07-24 20:13:25,47.6666,-52.7314,70.88,76,60,11.16
6,Rikitea,PF,2021-07-24 20:13:25,-23.1203,-134.9692,69.21,54,0,0.89
7,Kirakira,SB,2021-07-24 20:13:25,-10.4544,161.9205,79.39,86,100,5.97
8,Nishihara,JP,2021-07-24 20:13:26,26.1842,127.7558,80.26,97,90,17.27
9,Ishigaki,JP,2021-07-24 20:13:26,24.3448,124.1572,84.15,85,100,27.74
10,Hermanus,ZA,2021-07-24 20:13:26,-34.4187,19.2345,53.91,57,14,4.81
11,Hobart,AU,2021-07-24 20:08:42,-42.8794,147.3294,45.27,65,40,1.99
12,Ushuaia,AR,2021-07-24 20:11:28,-54.8,-68.3,38.86,87,75,1.14
13,Kavieng,PG,2021-07-24 20:13:27,-2.5744,150.7967,81.7,77,14,10.27
14,Bani Walid,LY,2021-07-24 20:09:16,31.7566,13.9942,80.1,40,0,13.2
15,Bluff,NZ,2021-07-24 20:13:27,-46.6,168.3333,42.8,72,100,11.79
16,Punta Arenas,CL,2021-07-24 20:12:01,-53.15,-70.9167,42.91,70,75,19.57
17,Vaini,TO,2021-07-24 20:13:27,-21.2,-175.2,75.36,100,20,2.3
18,Atuona,PF,2021-07-24 20:13:27,-9.8,-139.0333,78.64,68,50,16.26
19,Kununurra,AU,2021-07-24 20:13:28,-15.7667,128.7333,73.38,46,100,8.05
20,Zyryanka,RU,2021-07-24 20:13:28,65.75,150.85,63.73,57,100,1.61
21,Margate,GB,2021-07-24 20:08:42,51.3813,1.3862,66.18,84,100,2.33
22,Sao Joao Da Barra,BR,2021-07-24 20:13:28,-21.6403,-41.0511,73.49,63,0,12.66
23,Shelburne,CA,2021-07-24 20:13:29,44.0787,-80.2041,67.77,97,100,15.12
24,Caucaia,BR,2021-07-24 20:13:29,-3.7361,-38.6531,82.35,67,0,10.36
25,Clyde River,CA,2021-07-24 20:13:29,70.4692,-68.5914,34.03,93,90,13.8
26,Tuatapere,NZ,2021-07-24 20:13:29,-46.1333,167.6833,42.82,81,100,7.23
27,Mayo,US,2021-07-24 20:13:30,38.8876,-76.5119,86.61,58,40,8.99
28,Cape Town,ZA,2021-07-24 20:08:54,-33.9258,18.4232,54.12,76,8,3.44
29,Lakes Entrance,AU,2021-07-24 20:13:30,-37.8811,147.981,44.19,72,58,15.79
30,Nanortalik,GL,2021-07-24 20:13:30,60.1432,-45.2371,43.5,97,100,12.95
31,Puerto Ayora,EC,2021-07-24 20:13:31,-0.7393,-90.3518,80.56,83,16,10.0
32,Esperance,AU,2021-07-24 20:08:54,-33.8667,121.9,52.29,80,1,17.9
33,Bethel,US,2021-07-24 20:12:57,41.3712,-73.414,84.94,57,40,1.01
34,Quelimane,MZ,2021-07-24 20:13:31,-17.8786,36.8883,66.15,77,40,4.61
35,Kapaa,US,2021-07-24 20:13:31,22.0752,-159.319,82.38,85,90,1.99
36,Narsaq,GL,2021-07-24 20:13:31,60.9167,-46.05,50.22,84,89,4.76
37,Champerico,GT,2021-07-24 20:13:32,14.3,-91.9167,93.29,70,99,5.55
38,Olafsvik,IS,2021-07-24 20:13:32,64.8945,-23.7142,50.47,90,89,12.57
39,Paamiut,GL,2021-07-24 20:13:32,61.994,-49.6678,41.92,96,92,9.57
40,Yellowknife,CA,2021-07-24 20:12:42,62.456,-114.3525,56.32,37,79,1.01
41,Upernavik,GL,2021-07-24 20:13:33,72.7868,-56.1549,39.83,85,100,5.5
42,Luderitz,NA,2021-07-24 20:13:19,-26.6481,15.1594,64.58,30,15,6.49
43,Bredasdorp,ZA,2021-07-24 20:13:33,-34.5322,20.0403,47.64,70,19,3.91
44,Mataura,NZ,2021-07-24 20:12:38,-46.1927,168.8643,42.48,89,100,3.78
45,Dikson,RU,2021-07-24 20:13:33,73.5069,80.5464,37.96,95,100,24.09
46,Longido,TZ,2021-07-24 20:13:33,-2.7333,36.6833,62.13,63,64,20.69
47,La Ronge,CA,2021-07-24 20:13:34,55.1001,-105.2842,69.6,48,81,16.82
48,Leningradskiy,RU,2021-07-24 20:13:28,69.3833,178.4167,37.67,93,100,5.1
49,Korla,CN,2021-07-24 20:13:34,41.7597,86.1469,88.72,20,29,5.64
50,Saskylakh,RU,2021-07-24 20:13:21,71.9167,114.0833,57.42,55,100,6.46
51,Carnarvon,AU,2021-07-24 20:13:34,-24.8667,113.6333,59.07,72,100,5.75
52,Georgetown,MY,2021-07-24 20:13:35,5.4112,100.3354,83.89,84,20,0.0
53,Katsuura,JP,2021-07-24 20:13:35,35.1333,140.3,79.11,85,5,8.41
54,Kushima,JP,2021-07-24 20:09:37,31.4583,131.2333,78.12,92,100,11.34
55,Cabo San Lucas,MX,2021-07-24 20:13:35,22.8909,-109.9124,96.8,63,1,8.99
56,Dire,ML,2021-07-24 20:13:36,12.2833,-10.9667,76.96,86,100,4.34
57,Hals,DK,2021-07-24 20:13:36,56.9961,10.3081,68.0,79,2,8.88
58,Sao Filipe,CV,2021-07-24 20:13:36,14.8961,-24.4956,74.73,74,76,8.9
59,Beloha,MG,2021-07-24 20:13:36,-25.1667,45.05,62.28,51,68,7.61
60,Portland,US,2021-07-24 20:08:43,45.5234,-122.6762,89.71,43,1,4.0
61,Wattegama,LK,2021-07-24 20:13:37,6.7989,81.4808,78.19,73,100,8.68
62,Tiksi,RU,2021-07-24 20:13:37,71.6872,128.8694,40.42,85,31,5.75
63,Lanzhou,CN,2021-07-24 20:13:37,36.0564,103.7922,78.01,54,25,4.47
64,Hilo,US,2021-07-24 20:11:10,19.7297,-155.09,80.62,78,20,0.0
65,Lukovetskiy,RU,2021-07-24 20:13:38,64.2956,41.9211,51.78,66,100,5.64
66,Catalao,BR,2021-07-24 20:12:53,-18.1658,-47.9464,75.45,26,0,9.13
67,Qaanaaq,GL,2021-07-24 20:13:38,77.484,-69.3632,41.63,67,100,1.03
68,Antofagasta,CL,2021-07-24 20:13:38,-23.65,-70.4,60.08,72,32,10.45
69,Mumbwa,ZM,2021-07-24 20:13:39,-14.9783,27.0619,56.86,66,19,7.9
70,Chokurdakh,RU,2021-07-24 20:13:39,70.6333,147.9167,41.5,75,59,15.55
71,Provideniya,RU,2021-07-24 20:13:39,64.3833,-173.3,47.01,98,100,12.17
72,Kamenka,RU,2021-07-24 20:13:39,51.3223,42.7678,64.63,56,95,6.26
73,Muyezerskiy,RU,2021-07-24 20:13:40,63.9333,31.65,54.84,63,100,4.85
74,Petukhovo,RU,2021-07-24 20:13:40,55.0692,67.9019,66.13,84,100,8.39
75,Barrow,US,2021-07-24 20:13:40,71.2906,-156.7887,42.82,81,90,4.61
76,Saint-Philippe,RE,2021-07-24 20:12:40,-21.3585,55.7679,67.59,76,65,5.28
77,New Norfolk,AU,2021-07-24 20:13:41,-42.7826,147.0587,44.92,66,91,3.0
78,Innisfail,AU,2021-07-24 20:13:41,-17.5333,146.0333,64.81,74,69,4.81
79,Pacific Grove,US,2021-07-24 20:10:38,36.6177,-121.9166,84.81,81,1,5.01
80,Muros,ES,2021-07-24 20:13:41,42.7762,-9.0603,68.5,94,49,1.86
81,Thompson,CA,2021-07-24 20:13:41,55.7435,-97.8558,71.62,44,100,9.64
82,Jalu,LY,2021-07-24 20:13:42,29.0331,21.5482,84.24,35,0,15.82
83,Lebu,CL,2021-07-24 20:13:42,-37.6167,-73.65,52.75,74,98,14.67
84,Arraial Do Cabo,BR,2021-07-24 20:13:42,-22.9661,-42.0278,71.46,68,0,13.8
85,Beringovskiy,RU,2021-07-24 20:13:42,63.05,179.3167,52.34,88,100,8.57
86,Chipinge,ZW,2021-07-24 20:13:43,-20.1883,32.6236,49.75,68,57,6.6
87,Sibiti,CG,2021-07-24 20:13:43,-3.6819,13.3499,74.84,50,36,3.83
88,Waipawa,NZ,2021-07-24 20:13:43,-41.4122,175.5153,46.92,88,3,7.7
89,Kantunilkin,MX,2021-07-24 20:13:43,21.0917,-87.45,86.95,75,97,5.48
90,Sitka,US,2021-07-24 20:13:44,57.0531,-135.33,57.09,82,75,9.22
91,Elko,US,2021-07-24 20:13:44,41.0002,-115.5012,91.42,8,3,5.99
92,Pangnirtung,CA,2021-07-24 20:13:44,66.1451,-65.7125,49.86,63,100,10.04
93,Tyukalinsk,RU,2021-07-24 20:13:44,55.8732,72.1967,73.36,58,100,6.96
94,Fairbanks,US,2021-07-24 20:13:45,64.8378,-147.7164,61.14,89,40,11.5
95,Pilar,BR,2021-07-24 20:13:45,-9.5972,-35.9567,76.93,79,0,7.09
96,Palmer,US,2021-07-24 20:13:45,42.1584,-72.3287,84.99,41,4,3.2
97,Bathsheba,BB,2021-07-24 20:13:46,13.2167,-59.5167,86.61,70,20,10.36
98,Cockburn Town,TC,2021-07-24 20:13:46,21.4612,-71.1419,82.76,77,3,15.37
99,Castro,BR,2021-07-24 20:13:46,-24.7911,-50.0119,65.17,59,0,3.62
100,Tarko-Sale,RU,2021-07-24 20:13:46,64.9225,77.785,55.22,96,100,13.73
101,Yeppoon,AU,2021-07-24 20:13:47,-23.1333,150.7333,49.78,55,3,7.02
102,Sakakah,SA,2021-07-24 20:13:47,29.9697,40.2064,91.33,26,0,8.57
103,Miri,MY,2021-07-24 20:13:47,4.4148,114.0089,79.29,88,88,3.47
104,Sorong,ID,2021-07-24 20:13:47,-0.8833,131.25,76.53,87,100,12.17
105,Avarua,CK,2021-07-24 20:13:48,-21.2078,-159.775,77.05,69,32,9.22
106,Batagay-Alyta,RU,2021-07-24 20:12:15,67.8006,130.4114,57.33,79,27,4.81
107,Port Hedland,AU,2021-07-24 20:13:48,-20.3167,118.5667,57.25,77,10,0.0
108,Gatesville,US,2021-07-24 20:12:38,31.4352,-97.7439,98.31,39,1,10.36
109,Banda Aceh,ID,2021-07-24 20:13:48,5.5577,95.3222,80.51,73,100,11.95
110,Bambous Virieux,MU,2021-07-24 20:13:49,-20.3428,57.7575,67.21,79,31,9.66
111,Tupiza,BO,2021-07-24 20:09:17,-21.45,-65.7167,66.92,14,66,22.26
112,Kenai,US,2021-07-24 20:13:49,60.5544,-151.2583,59.09,92,90,11.5
113,Meulaboh,ID,2021-07-24 20:13:40,4.1363,96.1285,76.68,87,100,4.03
114,Bendigo,AU,2021-07-24 20:13:50,-36.7667,144.2833,37.85,66,37,1.01
115,Najran,SA,2021-07-24 20:13:50,17.4924,44.1277,86.02,37,80,7.61
116,Kortkeros,RU,2021-07-24 20:13:50,61.8106,51.5806,44.6,85,100,4.59
117,Bonavista,CA,2021-07-24 20:13:51,48.6499,-53.1147,59.86,80,68,9.17
118,Sept-Iles,CA,2021-07-24 20:13:51,50.2001,-66.3821,66.06,81,13,4.0
119,Broome,US,2021-07-24 20:13:51,42.2506,-75.833,82.02,57,1,1.01
120,Vila,PT,2021-07-24 20:13:51,42.0304,-8.1588,59.74,78,15,2.95
121,Poum,NC,2021-07-24 20:13:52,-20.2333,164.0167,71.76,82,7,7.31
122,Souillac,MU,2021-07-24 20:13:52,-20.5167,57.5167,67.35,82,20,7.61
123,Guerrero Negro,MX,2021-07-24 20:13:52,27.9769,-114.0611,78.67,59,100,12.5
124,Bodaybo,RU,2021-07-24 20:13:52,57.8506,114.1933,58.8,79,100,2.75
125,Lerwick,GB,2021-07-24 20:13:53,60.1545,-1.1494,57.2,79,94,8.23
126,Broken Hill,AU,2021-07-24 20:13:53,-31.95,141.4333,42.26,85,12,13.87
127,Carballo,ES,2021-07-24 20:13:53,43.213,-8.691,65.89,87,41,3.58
128,Butaritari,KI,2021-07-24 20:13:53,3.0707,172.7902,83.68,72,100,16.67
129,Merrill,US,2021-07-24 20:13:54,45.1805,-89.6835,83.8,60,1,13.8
130,Anupgarh,IN,2021-07-24 20:13:54,29.1911,73.2086,95.88,47,48,11.54
131,Tambun,ID,2021-07-24 20:13:54,-6.2641,107.0712,78.48,88,0,4.45
132,Hit,IQ,2021-07-24 20:13:55,33.6416,42.8251,98.58,20,0,8.63
133,Iqaluit,CA,2021-07-24 20:13:55,63.7506,-68.5145,52.75,60,98,20.69
134,Santa Cruz,BO,2021-07-24 20:13:55,-17.8,-63.1667,89.65,35,20,26.46
135,Isangel,VU,2021-07-24 20:13:41,-19.55,169.2667,75.97,84,7,3.89
136,Alofi,NU,2021-07-24 20:13:56,-19.0595,-169.9187,78.69,89,40,4.61
137,Sovetskiy,RU,2021-07-24 20:13:56,61.3614,63.5842,52.2,85,100,8.5
138,Saint George,US,2021-07-24 20:12:53,37.1041,-113.5841,99.07,34,1,5.75
139,Salym,RU,2021-07-24 20:13:57,60.0625,71.4789,52.65,98,86,2.37
140,San Patricio,US,2021-07-24 20:13:57,28.017,-97.5169,96.89,36,0,15.03
141,Kruisfontein,ZA,2021-07-24 20:13:57,-34.0033,24.7314,47.26,48,2,7.54
142,Treia,IT,2021-07-24 20:13:57,43.3106,13.3115,81.72,45,92,4.94
143,Kushiro,JP,2021-07-24 20:13:58,42.975,144.3747,64.56,99,98,4.21
144,Vestmannaeyjar,IS,2021-07-24 20:13:58,63.4427,-20.2734,51.6,84,59,11.79
145,Ca Mau,VN,2021-07-24 20:11:18,9.1769,105.15,78.04,88,91,6.71
146,Port Alfred,ZA,2021-07-24 20:13:58,-33.5906,26.891,54.99,74,0,20.04
147,Ikalamavony,MG,2021-07-24 20:13:58,-21.15,46.5833,56.57,83,54,10.22
148,Ixtapa,MX,2021-07-24 20:13:59,20.7,-105.2,89.22,66,40,10.36
149,Mahibadhoo,MV,2021-07-24 20:13:59,3.7833,72.9667,81.93,78,97,5.32
150,Mahebourg,MU,2021-07-24 20:13:59,-20.4081,57.7,67.24,79,30,9.31
151,Wuda,CN,2021-07-24 20:14:00,39.4994,106.7117,76.73,59,8,18.7
152,East London,ZA,2021-07-24 20:12:49,-33.0153,27.9116,55.81,71,0,15.12
153,Lompoc,US,2021-07-24 20:14:00,34.6391,-120.4579,91.02,73,90,13.8
154,Bull Savanna,JM,2021-07-24 20:14:00,17.8868,-77.5902,83.75,63,90,7.49
155,Thinadhoo,MV,2021-07-24 20:14:00,0.5333,72.9333,82.62,77,13,7.65
156,Poddorye,RU,2021-07-24 20:14:01,57.4695,31.1156,57.97,65,73,3.87
157,Bowen,AU,2021-07-24 20:14:01,-20.0167,148.2333,63.27,53,5,11.23
158,Tilichiki,RU,2021-07-24 20:14:01,60.4667,166.1,52.92,92,100,3.58
159,Hithadhoo,MV,2021-07-24 20:14:01,-0.6,73.0833,81.99,78,28,11.86
160,Tura,IN,2021-07-24 20:14:02,25.5198,90.2201,74.93,96,93,3.98
161,Porto Novo,BJ,2021-07-24 20:14:02,6.4965,2.6036,75.2,78,86,6.87
162,Norman Wells,CA,2021-07-24 20:14:02,65.282,-126.8329,66.87,43,100,8.01
163,Hirara,JP,2021-07-24 20:14:03,24.8,125.2833,83.86,85,100,29.42
164,Sanson,NZ,2021-07-24 20:14:03,-40.2167,175.4167,44.89,92,2,4.61
165,Faanui,PF,2021-07-24 20:14:03,-16.4833,-151.75,76.19,79,30,13.65
166,Taoudenni,ML,2021-07-24 20:14:03,22.6783,-3.9836,104.61,7,3,9.42
167,Sunrise Manor,US,2021-07-24 20:12:17,36.2111,-115.0731,101.35,35,40,4.61
168,Sioux Lookout,CA,2021-07-24 20:14:04,50.1001,-91.917,80.98,27,3,16.06
169,Albany,US,2021-07-24 20:10:36,42.6001,-73.9662,84.02,45,74,4.0
170,Taltal,CL,2021-07-24 20:09:21,-25.4,-70.4833,60.85,68,19,7.18
171,Christchurch,NZ,2021-07-24 20:11:33,-43.5333,172.6333,45.91,86,4,4.0
172,Kankakee,US,2021-07-24 20:14:04,41.15,-87.8667,91.85,69,40,13.8
173,Komsomolskiy,UZ,2021-07-24 20:14:04,40.4272,71.7189,81.32,41,0,9.22
174,Tuktoyaktuk,CA,2021-07-24 20:14:05,69.4541,-133.0374,57.76,44,52,10.42
175,Gamba,GA,2021-07-24 20:14:05,-2.65,10.0,71.08,83,63,5.17
176,Chara,RU,2021-07-24 20:14:05,56.9064,118.2631,57.87,89,100,4.25
177,Camana,PE,2021-07-24 20:14:05,-16.6228,-72.7111,63.9,74,50,10.36
178,Aklavik,CA,2021-07-24 20:14:06,68.2191,-135.0107,59.0,88,90,8.05
179,Opuwo,NA,2021-07-24 20:14:06,-18.0607,13.84,59.59,14,0,7.94
180,San Quintin,MX,2021-07-24 20:14:06,30.4833,-115.95,74.32,69,87,12.86
181,Hasaki,JP,2021-07-24 20:14:06,35.7333,140.8333,75.6,84,0,7.56
182,Saint-Pierre,RE,2021-07-24 20:14:07,-21.3393,55.4781,67.68,70,20,5.75
183,Chernyshevskiy,RU,2021-07-24 20:13:26,63.0128,112.4714,55.22,73,71,3.38
184,Chapais,CA,2021-07-24 20:14:07,49.7834,-74.8492,77.76,32,100,13.27
185,Manbij,SY,2021-07-24 20:14:07,36.5281,37.9549,83.17,56,0,16.02
186,Maningrida,AU,2021-07-24 20:14:07,-12.0667,134.2667,68.4,94,71,2.57
187,Saraland,US,2021-07-24 20:14:08,30.8207,-88.0706,96.06,60,25,4.0
188,Tigil,RU,2021-07-24 20:14:08,57.8,158.6667,56.16,96,100,3.42
189,Umm Kaddadah,SD,2021-07-24 20:14:08,13.6017,26.6876,87.84,37,98,3.27
190,Cherskiy,RU,2021-07-24 20:13:47,68.75,161.3,46.78,71,92,3.42
191,Padang,ID,2021-07-24 20:14:09,-0.9492,100.3543,77.14,85,82,2.93
192,Ponta Do Sol,PT,2021-07-24 20:14:09,32.6667,-17.1,74.71,80,0,5.14
193,Atambua,ID,2021-07-24 20:14:09,-9.1061,124.8925,66.16,68,8,3.67
194,Payo,ID,2021-07-24 20:14:09,-3.7508,103.6372,72.39,89,7,2.06
195,Saint-Augustin,CA,2021-07-24 20:14:10,51.226,-58.6502,58.69,66,8,9.19
196,Santa Pola,ES,2021-07-24 20:14:10,38.1917,-0.5658,84.49,86,0,3.0
197,Keetmanshoop,NA,2021-07-24 20:14:10,-26.5833,18.1333,52.43,13,0,12.19
198,Walvis Bay,NA,2021-07-24 20:14:11,-22.9575,14.5053,69.1,21,7,10.51
199,Tasiilaq,GL,2021-07-24 20:14:11,65.6145,-37.6368,42.96,98,100,5.08
200,Lamu,KE,2021-07-24 20:14:11,-2.2717,40.902,77.22,79,4,23.2
201,Inverell,AU,2021-07-24 20:14:11,-29.7833,151.1167,46.67,79,93,5.01
202,Talnakh,RU,2021-07-24 20:14:12,69.4865,88.3972,48.69,87,100,0.2
203,Kodiak,US,2021-07-24 20:12:43,57.79,-152.4072,56.71,88,90,4.61
204,Muzhi,RU,2021-07-24 20:14:12,65.3667,64.6667,56.37,80,100,7.61
205,Jaru,BR,2021-07-24 20:14:12,-10.4389,-62.4664,96.87,24,7,3.47
206,Berlevag,NO,2021-07-24 20:14:13,70.8578,29.0864,45.07,86,100,26.44
207,Misratah,LY,2021-07-24 20:14:13,32.3754,15.0925,81.19,63,0,9.71
208,Malanje,AO,2021-07-24 20:09:19,-9.5402,16.341,70.32,23,0,3.78
209,Omsukchan,RU,2021-07-24 20:13:33,62.5333,155.8,53.51,86,98,5.88
210,Velsk,RU,2021-07-24 20:14:13,61.0701,42.0983,52.99,61,100,4.5
211,Xicotencatl,MX,2021-07-24 20:14:14,23.0167,-98.8833,91.71,37,4,8.14
212,Santa Rosa,PH,2021-07-24 20:14:14,14.3122,121.1114,80.91,90,100,15.93
213,Gardez,AF,2021-07-24 20:14:14,33.5974,69.2259,72.14,43,0,1.28
214,Rio Gallegos,AR,2021-07-24 20:14:14,-51.6226,-69.2181,42.85,61,0,8.05
215,Ponta Delgada,PT,2021-07-24 20:14:15,37.7333,-25.6667,72.32,88,20,4.61
216,Sur,OM,2021-07-24 20:12:42,22.5667,59.5289,89.82,60,99,12.57
217,Alekseyevsk,RU,2021-07-24 20:14:15,57.8406,108.3492,60.93,83,77,2.64
218,Deputatskiy,RU,2021-07-24 20:14:15,69.3,139.9,46.78,67,25,5.17
219,Ribeira Grande,PT,2021-07-24 20:14:15,38.5167,-28.7,73.8,94,75,11.5
220,Camacha,PT,2021-07-24 20:14:16,33.0833,-16.3333,70.56,78,40,16.11
221,Mogadishu,SO,2021-07-24 20:12:11,2.0371,45.3438,76.69,81,14,22.24
222,Lososina,RU,2021-07-24 20:14:16,48.9975,140.3106,66.42,96,93,3.56
223,Inongo,CD,2021-07-24 20:14:16,-1.95,18.2667,74.19,51,12,3.6
224,Bafoulabe,ML,2021-07-24 20:14:16,13.8065,-10.8321,86.49,58,100,5.03
225,Luanda,AO,2021-07-24 20:13:25,-8.8368,13.2343,70.38,88,0,9.89
226,Kloulklubed,PW,2021-07-24 20:14:17,7.0419,134.2556,83.1,80,100,13.11
227,Dodge City,US,2021-07-24 20:14:17,37.7528,-100.0171,98.22,37,1,5.01
228,Vardo,NO,2021-07-24 20:14:17,70.3705,31.1107,46.11,83,100,27.72
229,Khatanga,RU,2021-07-24 20:12:50,71.9667,102.5,56.7,81,49,11.36
230,Maglaj,BA,2021-07-24 20:14:18,44.5492,18.0967,72.32,57,76,4.63
231,Llandrindod Wells,GB,2021-07-24 20:14:18,52.2416,-3.3787,65.98,78,100,7.31
232,Tabory,RU,2021-07-24 20:14:18,58.5198,64.5495,63.07,72,100,2.1
233,Byron Bay,AU,2021-07-24 20:10:15,-28.65,153.6167,57.7,53,0,10.11
234,Tocopilla,CL,2021-07-24 20:14:19,-22.092,-70.1979,65.95,69,29,13.71
235,Iguape,BR,2021-07-24 20:14:19,-24.7081,-47.5553,66.72,75,0,7.4
236,Victoria,HK,2021-07-24 20:14:15,22.2855,114.1577,82.38,93,97,5.01
237,Rochefort,FR,2021-07-24 20:14:19,45.9167,-1.0,68.11,76,80,14.05
238,Jamestown,US,2021-07-24 20:11:02,42.097,-79.2353,78.12,81,90,8.01
239,Baruun-Urt,MN,2021-07-24 20:14:20,46.6806,113.2792,60.22,60,4,6.62
240,Kommunisticheskiy,RU,2021-07-24 20:14:20,61.6789,64.4819,53.44,88,45,8.23
241,Swan Hill,AU,2021-07-24 20:14:20,-35.3378,143.5544,40.01,84,6,13.0
242,Clawson,US,2021-07-24 20:14:20,42.5334,-83.1463,86.11,74,1,12.66
243,Carutapera,BR,2021-07-24 20:14:21,-1.195,-46.02,80.04,83,90,7.0
244,Salalah,OM,2021-07-24 20:14:21,17.0151,54.0924,78.89,94,75,4.61
245,Abu Samrah,SY,2021-07-24 20:14:21,35.3029,37.1841,79.65,58,39,11.1
246,Humboldt,US,2021-07-24 20:14:21,40.6665,-123.9178,56.17,30,2,6.91
247,Kaitangata,NZ,2021-07-24 20:13:12,-46.2817,169.8464,41.94,52,84,4.83
248,Sonoita,MX,2021-07-24 20:14:22,31.85,-112.8333,75.52,42,100,10.09
249,Samarai,PG,2021-07-24 20:14:22,-10.6167,150.6667,78.91,87,88,9.93
250,Flinders,AU,2021-07-24 20:14:22,-34.5833,150.8552,53.2,60,59,7.0
251,Port Blair,IN,2021-07-24 20:14:23,11.6667,92.75,82.06,84,100,20.13
252,Ukiah,US,2021-07-24 20:14:23,39.1502,-123.2078,104.43,22,1,5.75
253,Papara,BR,2021-07-24 20:14:23,-3.9839,-38.7273,81.0,50,43,6.33
254,Damietta,EG,2021-07-24 20:14:24,31.4165,31.8133,78.82,75,0,13.22
255,Saquarema,BR,2021-07-24 20:14:24,-22.92,-42.5103,73.42,72,0,15.1
256,Bilibino,RU,2021-07-24 20:14:24,68.0546,166.4372,52.52,63,12,1.32
257,Tomigusuku,JP,2021-07-24 20:14:24,26.185,127.675,80.73,96,75,19.57
258,Caravelas,BR,2021-07-24 20:14:25,-17.7125,-39.2481,72.81,62,71,10.0
259,Longyearbyen,SJ,2021-07-24 20:14:25,78.2186,15.6401,44.44,81,75,13.8
260,Mount Vernon,US,2021-07-24 20:14:25,40.9126,-73.8371,86.65,46,75,3.0
261,Doka,SD,2021-07-24 20:14:25,13.5167,35.7667,69.22,96,100,9.06
262,Kavaratti,IN,2021-07-24 20:14:26,10.5669,72.642,82.22,79,62,18.43
263,Gizo,SB,2021-07-24 20:14:26,-8.103,156.8419,80.94,78,44,4.61
264,Great Falls,US,2021-07-24 20:14:26,47.5002,-111.3008,85.39,15,1,3.0
265,Washington,US,2021-07-24 20:10:08,47.5001,-120.5015,88.63,23,0,4.63
266,Benguela,AO,2021-07-24 20:14:27,-12.5763,13.4055,68.86,82,3,4.76
267,Zaysan,KZ,2021-07-24 20:14:27,47.4667,84.8667,69.17,50,0,7.31
268,Waddan,LY,2021-07-24 20:14:27,29.1614,16.139,82.56,33,0,19.39
269,Derbent,RU,2021-07-24 20:14:27,42.0678,48.2899,77.23,70,29,4.76
270,Datong,CN,2021-07-24 20:14:28,40.0936,113.2914,71.56,76,89,5.79
271,Conceicao Do Araguaia,BR,2021-07-24 20:14:28,-8.2578,-49.2647,94.89,22,12,5.82
272,Wakkanai,JP,2021-07-24 20:14:28,45.4094,141.6739,71.46,94,100,10.58
273,Teixeira,BR,2021-07-24 20:14:28,-7.2228,-37.2542,75.25,50,15,14.32
274,Waterloo,CA,2021-07-24 20:11:21,43.4668,-80.5164,70.47,97,90,13.0
275,Marrakesh,MA,2021-07-24 20:14:29,31.6315,-8.0083,96.87,26,75,9.22
276,Canakkale,TR,2021-07-24 20:14:29,40.0833,26.8333,70.41,71,0,14.74
277,Terra Santa,BR,2021-07-24 20:14:29,-2.1042,-56.4869,91.8,40,100,5.75
278,Puno,PE,2021-07-24 20:14:30,-15.8333,-70.0333,54.07,32,87,4.27
279,Staryy Nadym,RU,2021-07-24 20:14:30,65.6118,72.6842,55.26,92,91,8.1
280,Zaranj,AF,2021-07-24 20:11:08,30.9667,61.8833,96.76,8,0,23.96
281,Maxixe,MZ,2021-07-24 20:14:30,-23.8597,35.3472,62.76,69,77,9.19
282,Vila Franca Do Campo,PT,2021-07-24 20:14:30,37.7167,-25.4333,72.01,81,11,8.05
283,Marystown,CA,2021-07-24 20:14:31,47.1666,-55.1483,58.78,87,77,11.88
284,Owando,CG,2021-07-24 20:14:31,-0.4819,15.8999,80.78,47,96,0.76
285,Tawau,MY,2021-07-24 20:14:31,4.2498,117.8871,79.29,85,90,3.2
286,Bairiki,KI,2021-07-24 20:14:31,1.3292,172.9752,82.4,78,40,12.66
287,Lahti,RU,2021-07-24 20:14:32,59.9911,30.1597,59.18,65,29,6.26
288,Manta,EC,2021-07-24 20:14:32,-0.95,-80.7333,76.78,78,90,10.36
289,Almansa,ES,2021-07-24 20:14:32,38.8692,-1.0971,84.29,17,4,7.0
290,Mount Pleasant,US,2021-07-24 20:11:35,32.7941,-79.8626,89.74,59,1,1.99
291,Erzin,TR,2021-07-24 20:14:33,36.9559,36.2,81.0,86,9,1.39
292,Ketchikan,US,2021-07-24 20:14:33,55.3422,-131.6461,60.57,74,87,8.66
293,Airai,TL,2021-07-24 20:14:33,-8.9266,125.4092,55.35,40,6,2.93
294,Hurricane,US,2021-07-24 20:14:33,37.1753,-113.2899,97.14,48,98,5.88
295,Estelle,US,2021-07-24 20:14:34,29.8458,-90.1067,98.01,54,40,6.91
296,Coos Bay,US,2021-07-24 20:14:34,43.3665,-124.2179,89.85,82,90,23.02
297,Sosua,DO,2021-07-24 20:14:34,19.7667,-70.5167,89.58,79,40,16.11
298,Molchanovo,RU,2021-07-24 20:14:35,57.5817,83.7692,62.01,77,46,3.42
299,Cayenne,GF,2021-07-24 20:14:35,4.9333,-52.3333,83.08,78,0,1.01
300,Sibolga,ID,2021-07-24 20:14:35,1.7427,98.7792,76.87,83,100,2.86
301,Yar-Sale,RU,2021-07-24 20:14:35,66.8333,70.8333,50.31,82,0,9.1
302,Port Elizabeth,ZA,2021-07-24 20:14:36,-33.918,25.5701,52.7,67,2,10.42
303,Nikolskoye,RU,2021-07-24 20:14:36,59.7035,30.7861,58.89,67,31,3.42
304,Havoysund,NO,2021-07-24 20:14:36,70.9963,24.6622,45.48,83,100,21.83
305,Marolambo,MG,2021-07-24 20:14:37,-20.05,48.1167,59.45,98,100,5.08
306,Pedernales,DO,2021-07-24 20:14:37,18.0384,-71.744,85.8,67,93,4.59
307,Santa Maria,BR,2021-07-24 20:14:37,-29.6842,-53.8069,75.25,60,54,4.52
308,Presidencia Roque Saenz Pena,AR,2021-07-24 20:14:38,-26.7852,-60.4388,92.01,23,5,10.31
309,Novobelokatay,RU,2021-07-24 20:14:38,55.7062,58.9549,57.15,83,55,0.56
310,Nome,US,2021-07-24 20:14:38,64.5011,-165.4064,49.15,87,90,6.91
311,Codrington,AU,2021-07-24 20:14:38,-38.2667,141.9667,45.03,68,88,22.97
312,Chumikan,RU,2021-07-24 20:14:39,54.7183,135.315,54.75,100,100,2.35
313,College,US,2021-07-24 20:14:39,64.8569,-147.8028,62.26,89,40,11.5
314,Saint-Leu,RE,2021-07-24 20:14:39,-21.15,55.2833,67.06,78,74,11.74
315,Tucupita,VE,2021-07-24 20:14:39,9.0622,-62.051,82.58,85,100,3.98
316,Saldanha,ZA,2021-07-24 20:14:40,-33.0117,17.9442,53.91,66,8,11.43
317,Husavik,IS,2021-07-24 20:14:40,66.0449,-17.3389,55.2,89,56,8.19
318,Funtua,NG,2021-07-24 20:14:40,11.5233,7.3081,70.34,94,100,8.25
319,Washougal,US,2021-07-24 20:14:40,45.5826,-122.3534,92.16,44,1,6.91
320,Nyrob,RU,2021-07-24 20:14:41,60.733,56.7202,43.11,87,9,2.33
321,Pandamatenga,BW,2021-07-24 20:14:41,-18.5278,25.627,57.06,58,12,3.89
322,Takoradi,GH,2021-07-24 20:12:55,4.8845,-1.7554,74.89,79,5,6.42
323,North Bend,US,2021-07-24 20:12:56,43.4065,-124.2243,69.17,82,90,23.02
324,Karratha,AU,2021-07-24 20:14:41,-20.7377,116.8463,69.71,48,100,6.73
325,Pevek,RU,2021-07-24 20:14:42,69.7008,170.3133,36.68,92,100,10.94
326,Mola Di Bari,IT,2021-07-24 20:14:42,41.0609,17.0873,84.9,59,0,5.68
327,Nenjiang,CN,2021-07-24 20:14:42,49.1833,125.2167,64.31,98,12,7.63
328,Tommot,RU,2021-07-24 20:14:42,58.9564,126.2925,59.45,98,100,1.79
329,Adra,ES,2021-07-24 20:14:43,36.7496,-3.0206,92.82,46,3,3.71
330,Galt,US,2021-07-24 20:14:43,38.2546,-121.3,102.65,14,2,11.01
331,Clemencia,CO,2021-07-24 20:14:43,10.5665,-75.325,87.39,76,100,6.96
332,Macheng,CN,2021-07-24 20:14:43,31.1783,115.0319,75.7,88,12,6.64
333,Dunhua,CN,2021-07-24 20:14:44,43.3725,128.2425,67.57,83,89,3.33
334,Kansanshi,ZM,2021-07-24 20:14:44,-12.0951,26.4273,57.11,69,21,10.89
335,Dalbandin,PK,2021-07-24 20:14:44,28.8947,64.4101,93.42,31,78,15.41
336,Amapa,BR,2021-07-24 20:13:14,1.0,-52.0,82.22,71,99,1.59
337,Taunggyi,MM,2021-07-24 20:14:44,20.7833,97.0333,63.5,96,91,3.02
338,Constitucion,CL,2021-07-24 20:10:56,-35.3333,-72.4167,52.34,87,100,12.5
339,Humaita,BR,2021-07-24 20:14:45,-7.5061,-63.0208,97.84,29,99,0.87
340,Severo-Kurilsk,RU,2021-07-24 20:14:45,50.6789,156.125,55.36,96,48,1.43
341,Ovalle,CL,2021-07-24 20:14:45,-30.5983,-71.2003,54.88,66,100,4.05
342,Nelson Bay,AU,2021-07-24 20:14:46,-32.7167,152.15,57.09,59,46,4.0
343,Bungu,TZ,2021-07-24 20:14:46,-7.6337,39.0582,68.85,83,92,6.15
344,Faya,SA,2021-07-24 20:12:52,18.3851,42.4509,66.72,67,62,3.13
345,Yumen,CN,2021-07-24 20:14:46,40.2833,97.2,74.37,51,84,3.83
346,Falam,MM,2021-07-24 20:14:47,22.9167,93.6833,62.47,98,84,4.09
347,Dunedin,NZ,2021-07-24 20:14:47,-45.8742,170.5036,44.8,58,91,10.0
348,Concordia,AR,2021-07-24 20:14:47,-31.393,-58.0209,76.78,54,100,8.01
349,Inhambane,MZ,2021-07-24 20:14:47,-23.865,35.3833,63.93,67,78,11.3
350,Ahipara,NZ,2021-07-24 20:14:48,-35.1667,173.1667,55.76,81,100,11.12
351,Severnyy,RU,2021-07-24 20:14:48,50.677,36.5532,68.04,60,0,6.71
352,Hobyo,SO,2021-07-24 20:14:48,5.3505,48.5268,77.99,73,54,27.98
353,Chuy,UY,2021-07-24 20:14:48,-33.6971,-53.4616,59.16,81,95,5.84
354,Gombe,NG,2021-07-24 20:14:49,10.2897,11.1673,73.94,85,11,7.36
355,Sesheke,ZM,2021-07-24 20:14:49,-17.4759,24.2968,64.71,45,56,11.27
356,Uusikaupunki,FI,2021-07-24 20:14:49,60.8004,21.4084,61.32,72,40,3.83
357,China,MX,2021-07-24 20:14:50,25.7,-99.2333,101.21,18,0,18.45
358,Novocheremshansk,RU,2021-07-24 20:14:50,54.3571,50.1666,55.11,83,26,5.91
359,Aysha,RU,2021-07-24 20:14:50,55.8704,48.6319,57.65,69,17,4.97
360,Guiong,PH,2021-07-24 20:14:50,6.4186,122.0258,80.15,88,91,7.54
361,Monterey,US,2021-07-24 20:14:51,36.2505,-121.2516,91.71,16,55,3.36
362,Eyl,SO,2021-07-24 20:14:51,7.9803,49.8164,80.01,62,68,25.3
363,Witu,KE,2021-07-24 20:14:51,-2.3889,40.4382,77.16,77,5,19.98
364,Waw,SS,2021-07-24 20:14:52,7.7029,27.9953,70.59,96,88,6.76
365,Itarema,BR,2021-07-24 20:14:52,-2.9248,-39.9167,80.87,66,41,16.55
366,Half Moon Bay,US,2021-07-24 20:14:52,37.4636,-122.4286,90.91,64,1,1.01
367,Sajanan,TN,2021-07-24 20:14:52,37.0573,9.2426,88.81,31,0,11.86
368,Krasnoselkup,RU,2021-07-24 20:13:55,65.7,82.4667,56.55,94,90,13.53
369,Poladpur,IN,2021-07-24 20:14:53,17.9802,73.466,76.6,94,100,4.5
370,Venta,LT,2021-07-24 20:14:53,56.2,22.7,65.08,76,3,6.02
371,Ciudad Real,ES,2021-07-24 20:14:53,39.0,-4.0,83.05,17,100,1.01
372,Mikhaylovsk,RU,2021-07-24 20:14:53,45.1283,42.0256,71.98,60,40,0.0
373,Ilulissat,GL,2021-07-24 20:14:54,69.2167,-51.1,44.62,81,75,8.05
374,Zheleznodorozhnyy,RU,2021-07-24 20:14:54,55.7503,38.0042,63.36,56,78,3.11
375,Kapuskasing,CA,2021-07-24 20:12:13,49.4169,-82.4331,67.5,97,100,5.48
376,Port Macquarie,AU,2021-07-24 20:14:54,-31.4333,152.9167,57.16,70,1,9.78
377,Rawson,AR,2021-07-24 20:14:55,-43.3002,-65.1023,50.97,37,99,17.29
378,Roma,US,2021-07-24 20:14:55,43.2128,-75.4557,83.84,44,1,8.05
379,Kaliua,TZ,2021-07-24 20:14:55,-5.0606,31.7936,69.69,31,0,4.83
380,Yeniseysk,RU,2021-07-24 20:14:55,58.4497,92.1703,61.99,71,0,4.79
381,Waingapu,ID,2021-07-24 20:14:56,-9.6567,120.2641,70.84,76,20,4.32
382,Mattawa,US,2021-07-24 20:14:56,46.7379,-119.9028,92.71,17,0,3.89
383,Araouane,ML,2021-07-24 20:14:56,18.9048,-3.5265,99.14,25,65,4.68
384,Fruitvale,US,2021-07-24 20:14:57,39.0817,-108.4968,91.33,37,1,1.01
385,Hofn,IS,2021-07-24 20:14:57,64.2539,-15.2082,52.54,99,100,17.43
386,Chebarkul,RU,2021-07-24 20:14:57,54.9749,60.3633,56.19,75,8,5.32
387,Peleduy,RU,2021-07-24 20:14:57,59.6289,112.7406,60.37,85,51,2.82
388,Mutis,CO,2021-07-24 20:14:58,6.2262,-77.4044,74.79,93,100,9.64
389,Ostrovnoy,RU,2021-07-24 20:14:21,68.0531,39.5131,48.45,91,97,16.73
390,Pandan,PH,2021-07-24 20:14:58,14.0453,124.1694,82.38,78,98,17.13
391,The Valley,AI,2021-07-24 20:10:10,18.217,-63.0578,86.14,74,75,17.27
392,Kaura Namoda,NG,2021-07-24 20:14:58,12.5898,6.5779,77.95,76,32,9.42
393,Dingle,PH,2021-07-24 20:14:59,10.9995,122.6711,78.12,86,96,11.99
394,Bryan,US,2021-07-24 20:11:38,30.6744,-96.37,96.13,55,1,8.05
395,Trelew,AR,2021-07-24 20:14:49,-43.249,-65.3051,51.44,31,99,16.6
396,Merauke,ID,2021-07-24 20:14:59,-8.4667,140.3333,76.24,87,88,8.34
397,Auki,SB,2021-07-24 20:13:16,-8.7676,160.7034,77.43,86,98,4.54
398,Abu Dhabi,AE,2021-07-24 20:10:57,24.4667,54.3667,96.91,71,3,8.05
399,Boa Vista,BR,2021-07-24 20:14:59,2.8197,-60.6733,89.58,55,75,5.75
400,Hays,US,2021-07-24 20:15:00,30.0502,-98.0336,97.12,46,0,5.99
401,Vestmanna,FO,2021-07-24 20:15:00,62.1564,-7.1664,49.12,100,90,9.22
402,Qena,EG,2021-07-24 20:15:00,26.1615,32.7183,88.57,22,0,9.82
403,Preobrazheniye,RU,2021-07-24 20:15:01,42.9019,133.9064,71.98,86,8,4.21
404,Rio Grande,BR,2021-07-24 20:15:01,-32.035,-52.0986,74.95,68,91,4.92
405,Sfantu Gheorghe,RO,2021-07-24 20:15:01,45.8667,25.7833,64.56,69,68,2.75
406,Manzanillo,CU,2021-07-24 20:15:01,20.3433,-77.1167,88.29,59,95,8.88
407,Birao,CF,2021-07-24 20:15:02,10.2849,22.7882,79.75,66,100,6.62
408,Puerto Quijarro,BO,2021-07-24 20:15:02,-17.7833,-57.7667,97.75,19,0,5.73
409,Namibe,AO,2021-07-24 20:15:00,-15.1961,12.1522,65.75,87,0,4.03
410,Cairns,AU,2021-07-24 20:15:04,-16.9167,145.7667,67.95,97,76,8.05
411,Karaton,ID,2021-07-24 20:15:04,-6.3424,106.1045,76.96,94,0,1.79
412,Knysna,ZA,2021-07-24 20:15:04,-34.0363,23.0471,51.98,43,36,5.19
413,Languyan,PH,2021-07-24 20:15:05,5.2618,120.0807,80.49,89,100,7.85
414,Aqtobe,KZ,2021-07-24 20:15:05,50.2797,57.2072,62.69,72,0,8.95
415,Ghorawal,IN,2021-07-24 20:15:05,24.7667,82.7833,78.24,90,7,9.01
416,Tazovskiy,RU,2021-07-24 20:15:06,67.4667,78.7,48.85,87,100,6.96
417,Lagoa,PT,2021-07-24 20:15:06,39.05,-27.9833,71.38,90,85,15.12
418,Loja,EC,2021-07-24 20:15:06,-3.9931,-79.2042,73.31,35,86,8.19
419,Polunochnoye,RU,2021-07-24 20:15:06,60.8697,60.4153,45.77,90,96,3.76
420,Celendin,PE,2021-07-24 20:15:07,-6.8703,-78.1517,75.72,27,4,5.19
421,Ancud,CL,2021-07-24 20:15:07,-41.8697,-73.8203,47.73,69,100,4.45
422,Ermoupolis,GR,2021-07-24 20:15:07,37.4423,24.9425,79.29,50,20,21.85
423,Calama,CL,2021-07-24 20:15:07,-22.4667,-68.9333,68.49,6,5,20.71
424,Kesinga,IN,2021-07-24 20:15:08,20.2,83.2333,77.4,85,100,3.91
425,Avera,US,2021-07-24 20:15:08,33.194,-82.5271,91.9,41,0,5.53
426,Port Lincoln,AU,2021-07-24 20:15:08,-34.7333,135.8667,53.56,69,100,17.6
427,Borgarnes,IS,2021-07-24 20:15:09,64.5383,-21.9206,53.82,91,100,9.62
428,Keskin,TR,2021-07-24 20:15:09,39.6731,33.6136,67.08,61,2,7.92
429,Honiara,SB,2021-07-24 20:15:09,-9.4333,159.95,76.86,85,71,5.79
430,Kitob,UZ,2021-07-24 20:15:09,39.0843,66.8332,88.38,19,0,7.4
431,Carauari,BR,2021-07-24 20:15:10,-4.8828,-66.8958,89.29,52,51,1.45
432,Laje,BR,2021-07-24 20:15:10,-10.1833,-40.9667,70.18,75,95,15.79
433,Iranshahr,IR,2021-07-24 20:15:10,27.2025,60.6848,86.34,58,75,6.91
434,Mahanoro,MG,2021-07-24 20:15:10,-19.9,48.8,67.06,92,100,11.63
435,Geraldton,AU,2021-07-24 20:15:11,-28.7667,114.6,54.01,94,90,8.05
436,Mizan Teferi,ET,2021-07-24 20:15:11,6.9833,35.5833,60.73,98,94,1.86
437,Ginir,ET,2021-07-24 20:15:11,7.1333,40.7,58.03,72,99,16.87
438,Huarmey,PE,2021-07-24 20:15:12,-10.0681,-78.1522,68.58,71,10,10.25
439,Lata,PT,2021-07-24 20:14:00,40.1629,-8.3327,71.04,84,30,4.61
440,Hambantota,LK,2021-07-24 20:15:12,6.1241,81.1185,79.2,83,86,14.03
441,Moa,CU,2021-07-24 20:15:12,20.6569,-74.9403,85.35,73,92,8.81
442,Moranbah,AU,2021-07-24 20:15:12,-22.0016,148.0466,53.17,53,2,9.57
443,Finnsnes,NO,2021-07-24 20:15:13,69.2296,17.9811,54.21,99,100,4.47
444,Gornoye Loo,RU,2021-07-24 20:15:13,43.7129,39.6049,71.38,79,3,6.11
445,Alice Springs,AU,2021-07-24 20:15:13,-23.7,133.8833,38.75,56,43,5.75
446,Sao Felix Do Xingu,BR,2021-07-24 20:15:14,-6.6447,-51.995,94.23,24,52,4.63
447,Marawi,PH,2021-07-24 20:15:14,7.9986,124.2928,71.65,89,22,6.53
448,Ampanihy,MG,2021-07-24 20:15:14,-24.7,44.75,59.94,55,43,10.2
449,Waspan,NI,2021-07-24 20:15:16,14.7419,-83.9717,87.48,51,99,9.28
450,Touros,BR,2021-07-24 20:15:16,-5.1989,-35.4608,81.5,62,10,19.01
451,Mirnyy,RU,2021-07-24 20:15:16,62.5353,113.9611,55.9,81,46,3.18
452,Taksimo,RU,2021-07-24 20:15:17,56.3444,114.8794,60.33,74,100,4.14
453,Klaksvik,FO,2021-07-24 20:15:17,62.2266,-6.589,50.92,93,84,16.91
454,Samana,DO,2021-07-24 20:15:09,19.2056,-69.3369,89.82,70,40,6.91
455,Aksu,CN,2021-07-24 20:15:17,41.1231,80.2644,82.99,37,0,3.29
456,Praia,CV,2021-07-24 20:15:13,14.9215,-23.5087,77.54,65,75,9.22
457,Yoichi,JP,2021-07-24 20:15:18,43.2039,140.7703,72.23,88,41,4.09
458,Tazmalt,DZ,2021-07-24 20:15:18,36.3868,4.3989,92.3,24,81,3.09
459,Fare,PF,2021-07-24 20:15:18,-16.7,-151.0167,77.45,72,77,11.99
460,Comodoro Rivadavia,AR,2021-07-24 20:13:37,-45.8667,-67.5,51.66,50,0,9.22
461,Kayerkan,RU,2021-07-24 20:15:19,69.3497,87.7602,46.49,90,100,2.37
462,Chapada Dos Guimaraes,BR,2021-07-24 20:15:19,-15.4606,-55.7497,87.46,20,0,5.93
463,Ferrol,ES,2021-07-24 20:15:20,43.4832,-8.2369,68.25,86,7,5.7
464,Yelizovo,RU,2021-07-24 20:15:20,53.1873,158.3805,53.74,100,90,2.24
465,Snezhnogorsk,RU,2021-07-24 20:15:20,69.1933,33.2531,51.58,80,99,21.97
466,Aguimes,ES,2021-07-24 20:15:20,27.9054,-15.4461,71.65,73,20,23.02
467,Ardakan,IR,2021-07-24 20:15:21,32.31,54.0175,97.18,12,0,4.27
468,Riyadh,SA,2021-07-24 20:12:43,24.6877,46.7219,96.94,14,1,9.6
469,Sebrovo,RU,2021-07-24 20:15:21,50.0981,43.2976,68.09,65,100,4.47
470,High Rock,BS,2021-07-24 20:15:21,26.6208,-78.2833,86.02,78,99,19.35
471,Evensk,RU,2021-07-24 20:12:16,61.95,159.2333,50.45,97,100,1.1
472,Ingham,US,2021-07-24 20:15:22,42.6,-84.3833,85.84,76,1,6.91
473,Naze,JP,2021-07-24 20:15:22,28.3667,129.4833,77.32,92,100,22.24
474,Viedma,AR,2021-07-24 20:15:22,-40.8135,-62.9967,50.49,41,100,11.03
475,Znin,PL,2021-07-24 20:15:23,52.8496,17.7199,70.34,67,80,7.54
476,Tezu,IN,2021-07-24 20:15:23,27.9167,96.1667,77.4,96,99,2.39
477,Horasan,TR,2021-07-24 20:15:23,40.0458,42.1728,61.34,83,0,3.0
478,Guhagar,IN,2021-07-24 20:15:23,17.4842,73.1929,78.71,89,100,10.92
479,Soloneshnoye,RU,2021-07-24 20:15:24,51.6544,84.3197,60.58,93,8,5.23
480,Semey,KZ,2021-07-24 20:15:24,50.4111,80.2275,72.75,55,0,5.59
481,Micheweni,TZ,2021-07-24 20:15:22,-4.9667,39.8333,76.12,73,1,18.84
482,Grand Gaube,MU,2021-07-24 20:15:25,-20.0064,57.6608,67.37,77,6,3.0
483,Gazli,UZ,2021-07-24 20:15:25,40.1333,63.45,92.98,12,0,11.25
484,Malakal,SS,2021-07-24 20:15:25,9.5334,31.6605,72.21,97,81,6.8
485,Ndjole,GA,2021-07-24 20:15:26,-0.1783,10.7649,78.21,71,77,7.7
486,Tautira,PF,2021-07-24 20:15:26,-17.7333,-149.15,82.42,72,7,10.18
487,Areia Branca,BR,2021-07-24 20:15:26,-4.9561,-37.1369,81.68,68,11,15.75
488,Coromandel,BR,2021-07-24 20:15:26,-18.4733,-47.2003,73.11,29,0,7.47
489,Pudozh,RU,2021-07-24 20:15:27,61.8099,36.5345,58.17,58,100,6.82
490,Iwanai,JP,2021-07-24 20:15:27,42.9744,140.5089,69.42,95,53,4.61
491,Mazamari,PE,2021-07-24 20:15:27,-11.3258,-74.5308,89.49,38,6,0.87
492,Bose,IT,2021-07-24 20:15:27,45.4612,8.0137,75.25,97,23,6.44
493,Port-Cartier,CA,2021-07-24 20:15:28,50.0334,-66.8654,65.75,65,0,7.45
494,Mehamn,NO,2021-07-24 20:15:28,71.0357,27.8492,44.47,85,100,24.76
495,Angren,UZ,2021-07-24 20:15:28,41.0167,70.1436,81.63,22,0,4.38
496,Syzran,RU,2021-07-24 20:15:29,53.1585,48.4681,61.05,70,44,7.45
497,Rawah,IQ,2021-07-24 20:15:29,34.4816,41.9093,95.77,23,0,10.11
498,Nizwa,OM,2021-07-24 20:15:29,22.9333,57.5333,92.21,45,95,4.43
499,Mangrol,IN,2021-07-24 20:15:29,21.1167,70.1167,82.02,83,99,17.6
500,Motygino,RU,2021-07-24 20:15:30,58.1831,94.7592,60.89,71,3,4.97
501,Kahului,US,2021-07-24 20:13:09,20.8947,-156.47,83.46,86,40,21.85
502,Ayia Galini,GR,2021-07-24 20:15:30,35.1,24.6833,76.59,65,0,11.83
503,Sisimiut,GL,2021-07-24 20:15:30,66.9395,-53.6735,40.28,94,100,6.02
504,Zhetysay,KZ,2021-07-24 20:15:31,40.7333,68.3,81.84,20,0,2.24
505,Vossevangen,NO,2021-07-24 20:15:31,60.623,6.4229,67.53,84,72,5.1
506,Southbridge,US,2021-07-24 20:15:31,42.0751,-72.0334,84.63,51,4,3.78
507,Laguna,US,2021-07-24 20:15:32,38.421,-121.4238,104.22,34,1,1.99
508,Kalmunai,LK,2021-07-24 20:15:32,7.4167,81.8167,81.39,70,100,6.26
509,Praya,CV,2021-07-24 20:15:32,14.9215,-23.5087,77.54,65,75,9.22
510,Vangaindrano,MG,2021-07-24 20:15:32,-23.35,47.6,64.85,68,92,13.96
511,Hamilton,US,2021-07-24 20:11:55,39.1834,-84.5333,90.21,58,75,4.0
512,Homer,US,2021-07-24 20:15:33,59.6425,-151.5483,60.69,83,90,9.22
513,Pumiao,CN,2021-07-24 20:15:33,22.75,108.4833,78.44,87,0,3.18
514,Tessalit,ML,2021-07-24 20:15:33,20.1986,1.0114,94.69,34,62,15.86
515,Dudinka,RU,2021-07-24 20:15:34,69.4058,86.1778,47.64,78,100,4.12
516,Kitimat,CA,2021-07-24 20:15:34,54.0524,-128.6534,64.9,75,100,4.0
517,Baherden,TM,2021-07-24 20:15:34,38.4362,57.4316,93.65,23,0,6.91
518,Tshikapa,CD,2021-07-24 20:15:34,-6.4167,20.8,80.22,28,50,2.17
519,Changji,CN,2021-07-24 20:15:35,44.0167,87.3167,83.19,26,0,2.24
520,Padilla,CO,2021-07-24 20:15:35,3.2204,-76.3139,74.77,57,100,2.28
521,Zemio,CF,2021-07-24 20:13:11,5.0314,25.1361,69.37,91,97,2.21
522,Longhua,CN,2021-07-24 20:15:35,23.6137,114.1919,79.29,83,24,2.08
523,Gat,IL,2021-07-24 20:15:03,31.61,34.7642,81.28,100,1,3.24
524,Dera Bugti,PK,2021-07-24 20:15:35,29.0307,69.151,93.69,41,13,5.53
525,Erenhot,CN,2021-07-24 20:15:36,43.6475,111.9767,64.63,86,100,23.09
526,Along,IN,2021-07-24 20:15:36,28.1667,94.7667,77.0,99,100,1.07
527,Harper,LR,2021-07-24 20:12:46,4.375,-7.7169,76.44,69,99,4.25
528,Kochi,IN,2021-07-24 20:15:36,9.9399,76.2602,76.98,88,17,4.03
529,Stuttgart,DE,2021-07-24 20:15:37,48.7823,9.177,71.02,90,40,9.22
530,Sao Domingos,BR,2021-07-24 20:15:37,-13.3983,-46.3183,82.92,24,4,8.81
531,Manokwari,ID,2021-07-24 20:15:37,-0.8667,134.0833,78.26,73,100,3.62
532,Berbera,SO,2021-07-24 20:15:38,10.4396,45.0143,88.88,42,100,23.29
533,Shenkursk,RU,2021-07-24 20:15:38,62.1091,42.896,52.95,59,100,5.73
534,Jamame,SO,2021-07-24 20:15:38,0.0722,42.7506,75.22,75,84,16.84
535,Ouallam,NE,2021-07-24 20:15:38,14.3188,2.0866,85.17,56,76,7.43
536,Igboho,NG,2021-07-24 20:15:39,8.8333,3.75,71.08,94,100,3.29
537,High Level,CA,2021-07-24 20:15:39,58.5169,-117.136,68.11,68,75,11.5
538,Soyo,AO,2021-07-24 20:15:39,-6.1349,12.3689,72.12,88,0,10.69
539,Kargasok,RU,2021-07-24 20:15:39,59.0556,80.8572,64.24,72,6,6.69
540,Barda,AZ,2021-07-24 20:15:40,40.3744,47.1267,80.8,60,37,14.52
541,Codajas,BR,2021-07-24 20:15:40,-3.8367,-62.0569,93.92,38,76,3.42
542,Stornoway,GB,2021-07-24 20:15:40,58.2093,-6.3865,62.92,100,75,5.75
543,Bandarbeyla,SO,2021-07-24 20:15:41,9.4942,50.8122,77.7,73,11,28.79
544,Pinheiro,BR,2021-07-24 20:14:00,-2.5214,-45.0825,83.91,65,100,2.08
545,San Jeronimo,PE,2021-07-24 20:15:41,-11.9472,-75.2829,63.91,22,16,9.08
546,Batemans Bay,AU,2021-07-24 20:15:41,-35.7167,150.1833,51.91,55,44,12.26
547,Lubana,LV,2021-07-24 20:15:42,56.9,26.7167,57.31,71,10,2.46
548,Vila Velha,BR,2021-07-24 20:14:30,-20.3297,-40.2925,76.96,54,40,6.91
549,Senno,RU,2021-07-24 20:15:42,59.5336,33.9167,50.22,60,8,1.36
550,Shimoda,JP,2021-07-24 20:15:42,34.6667,138.95,75.85,85,2,8.55
551,Tual,ID,2021-07-24 20:15:42,-5.6667,132.75,78.24,81,100,12.24
552,Bardstown,US,2021-07-24 20:15:43,37.8092,-85.4669,91.67,57,1,0.0
553,Auch,FR,2021-07-24 20:15:43,43.65,0.5833,75.11,62,100,5.57
554,La Ceiba,HN,2021-07-24 20:14:01,15.7597,-86.7822,90.95,70,20,9.22
